,obj1,rel,obj2,date
0,people,see,"jared,jesus,people,stacy",20210221
1,people,lies,"jared,stacy",20210221
2,people,rely,"many,people",20210221
3,people,are,people,20210221
4,people,not_not {have},"lie,life,one,people,real,social",20210221
5,people,want,"executive,life,north,oliver,people,rivera",20210221
6,people,is,"good,great,ive,people,right,truth",20210221
7,people,developed,"good,great,people,right,time,truth",20210221
8,people,is,"conspiracy,fuck,lie,like,people,real",20210221
9,"baptist,church,spotswood",tainted,"jared,stacy",20210221
10,"bush,district,fredericksburg,government,illuminati,trump",claims,"jared,reuters,stacy",20210221
11,"bush,district,fredericksburg,government,illuminati,trump",brainwashed,"justice,luciano,lucky,real,social,working",20210221
12,"bush,district,fredericksburg,government,illuminati,trump",leading,"agent,castillo,cia,dea,drug,fbi",20210221
13,"bush,district,fredericksburg,government,illuminati,trump",go,agent,20210221
14,"bush,district,fredericksburg,government,illuminati,trump",is,cia,20210221
15,"bush,district,fredericksburg,government,illuminati,trump",is,"cialdini,enterprise,head,panamanian,special,story",20210221
16,"bush,district,fredericksburg,government,illuminati,trump",have,"agent,dale,dea,kiki,peter,scott",20210221
17,"bush,district,fredericksburg,government,illuminati,trump",'s,"cia,conservative,control,corporation,elite,government",20210221
18,"bush,district,fredericksburg,government,illuminati,trump",requires,"america,american,bank,government,million,native",20210221
19,"bush,district,fredericksburg,government,illuminati,trump",accuse,"agent,cia,fbi,intelligence,investigator,service",20210221
20,"bush,district,fredericksburg,government,illuminati,trump",charge,"district,edward,kennedy,rafeedie,trial,william",20210221
21,"bush,district,fredericksburg,government,illuminati,trump",chose,"1st,agencyhttpsnp,amendment,government,govt,security",20210221
22,"bush,district,fredericksburg,government,illuminati,trump",signed,"19,company,energy,million,power,red",20210221
23,"bush,district,fredericksburg,government,illuminati,trump",says,"alex,fox,jones,limbaugh,news,trump",20210221
24,"bush,district,fredericksburg,government,illuminati,trump",made,trump,20210221
25,"bush,district,fredericksburg,government,illuminati,trump",not_not {cause},"act,like,patriot,president,stand,trump",20210221
26,"bush,district,fredericksburg,government,illuminati,trump",married,"hillary,jenna,president,rally,sidney,trump",20210221
27,"bush,district,fredericksburg,government,illuminati,trump",knows,"campaign,donald,mission,next,president,trump",20210221
28,"bush,district,fredericksburg,government,illuminati,trump",pardoned,"bush,president,reagan,ronald,vice,vp",20210221
29,"bush,district,fredericksburg,government,illuminati,trump",have,"drug,life,north,oliver,people,ring",20210221
30,"bush,district,fredericksburg,government,illuminati,trump",wear,"executive,life,north,oliver,people,rivera",20210221
31,"bush,district,fredericksburg,government,illuminati,trump",mean,"christic,every,institute,people,river,whole",20210221
32,"bush,district,fredericksburg,government,illuminati,trump",get,"church,churchill,england",20210221
33,"bush,district,fredericksburg,government,illuminati,trump",wanted,"contra,contrascrackcia,evidence,frederico,pyramid,whole",20210221
34,"bush,district,fredericksburg,government,illuminati,trump",hire,"donald,dutton,gregg,north,oliver,owen",20210221
35,"bush,district,fredericksburg,government,illuminati,trump",are,conspiracy,20210221
36,"bush,district,fredericksburg,government,illuminati,trump",getting,"10,conspiracy,farc,league,levine,michael",20210221
37,"bush,district,fredericksburg,government,illuminati,trump",not_would not even {exist},many,20210221
38,"bush,district,fredericksburg,government,illuminati,trump",asked,"amendment,first,good,one,story,time",20210221
39,"bush,district,fredericksburg,government,illuminati,trump",be,time,20210221
40,"bush,district,fredericksburg,government,illuminati,trump",is,"carlos,fdn,illuminati,jesse,rocha,rqanoncasualties",20210221
41,"bush,district,fredericksburg,government,illuminati,trump",secured,"bulkpower,company,power,system,texas,transformer",20210221
42,"bush,district,fredericksburg,government,illuminati,trump",gained,"doe,foreign,like,people,power,president",20210221
43,"bush,district,fredericksburg,government,illuminati,trump",get,china,20210221
44,"bush,district,fredericksburg,government,illuminati,trump",'s,"delete,g4,open,power,powerbook,suite",20210221
45,"german,one,people,walmart,war,world",is,jaredhoffmaneverett,20210221
46,"german,one,people,walmart,war,world",split,"american,black,many,people,time,update",20210221
47,"german,one,people,walmart,war,world",is,"american,cartel,central,germany,native,south",20210221
48,"german,one,people,walmart,war,world",do,"jesus,lie,many,people,real,year",20210221
49,"german,one,people,walmart,war,world",span,"baptist,church,four,november,spotswood,year",20210221
50,"german,one,people,walmart,war,world",run,"bush,district,fredericksburg,government,illuminati,trump",20210221
51,"german,one,people,walmart,war,world",know,"blandn,history,operation,real,rt,talk",20210221
52,"german,one,people,walmart,war,world",passed,"471988,allen,betzner,gary,wayne,webb",20210221
53,"german,one,people,walmart,war,world",is,"foudation,gate,melinda,watergate",20210221
54,"german,one,people,walmart,war,world",including,"bill,gate,ndaa,vietnam,virus,watergate",20210221
55,"german,one,people,walmart,war,world",posting,"1630,jim,jimerson,newton,steeledon,watkins",20210221
56,"day,entertainment,life,news,people,social",think,people,20210221
57,"american,citizen,government,patriot,people,workingclass",knew,people,20210221
58,"agent,america,central,clarke,kristen,lol",pose,people,20210221
59,"agent,america,central,clarke,kristen,lol",destroy,"agent,castillo,cia,dea,drug,fbi",20210221
60,"lie,life,one,people,real,social",born,people,20210221
61,"hahahahaha,initiative,ive,many,next,one",back,people,20210221
62,"good,great,ive,people,right,truth",love,people,20210221
63,"christic,every,institute,people,river,whole",exploit,people,20210221
64,"11th,ive,life,one,sweden,talk",do,people,20210221
65,"executive,life,north,oliver,people,rivera",sell,people,20210221
66,"executive,life,north,oliver,people,rivera",encourage,cia,20210221
67,"executive,life,north,oliver,people,rivera",removed,"19,company,energy,million,power,red",20210221
68,"executive,life,north,oliver,people,rivera",prohibiting,biden,20210221
69,"control,john,like,new,people,post",want,people,20210221
70,"control,john,like,new,people,post",thats,"control,john,like,new,people,post",20210221
71,conspiracy,paid,people,20210221
72,conspiracy,poke,conspiracy,20210221
73,"conspiracy,lol,many,people,tukey,world",made,people,20210221
74,"many,people",are,"many,people",20210221
75,"many,people",needing,"country,gun,guy,jesus,people,rodriguez",20210221
76,"agency,conspiracy,investigator,many,people,time",tell,people,20210221
77,"american,black,many,people,time,update",not_not {see},people,20210221
78,"country,gun,guy,jesus,people,rodriguez",question,"many,people",20210221
79,"country,gun,guy,jesus,people,rodriguez",taking,people,20210221
80,"country,gun,guy,jesus,people,rodriguez",is,"cialdini,enterprise,head,panamanian,special,story",20210221
81,"country,gun,guy,jesus,people,rodriguez",cheated,biden,20210221
82,"country,gun,guy,jesus,people,rodriguez",tell,"hahahahaha,initiative,ive,many,next,one",20210221
83,"country,gun,guy,jesus,people,rodriguez",think,"executive,life,north,oliver,people,rivera",20210221
84,"country,gun,guy,jesus,people,rodriguez",kept,"earth,economic,gusteau,modern,rowling,well",20210221
85,"country,gun,guy,jesus,people,rodriguez",seen,many,20210221
86,"country,gun,guy,jesus,people,rodriguez",be,"amendment,first,good,one,story,time",20210221
87,"country,gun,guy,jesus,people,rodriguez",manipulate,time,20210221
88,"jesus,lie,many,people,real,year",sitting,people,20210221
89,"jesus,lie,many,people,real,year",told,"agent,castillo,cia,dea,drug,fbi",20210221
90,"jesus,lie,many,people,real,year",went,"agent,cia,dea,drug,morrison,social",20210221
91,"jesus,lie,many,people,real,year",diagnosed,"day,entertainment,life,news,people,social",20210221
92,"jesus,lie,many,people,real,year",disillusioned,"behind,capitol,guard,hill,logic,maryland",20210221
93,"jesus,lie,many,people,real,year",had,"hillary,jenna,president,rally,sidney,trump",20210221
94,"jesus,lie,many,people,real,year",including,"biden,force,president,rica,task,vice",20210221
95,"jesus,lie,many,people,real,year",surprised,"drug,life,north,oliver,people,ring",20210221
96,"jesus,lie,many,people,real,year",taken over,"executive,life,north,oliver,people,rivera",20210221
97,"jesus,lie,many,people,real,year",testified,"300,company,contra,drug,meneses,norwin",20210221
98,"jesus,lie,many,people,real,year",proven,"conspiracy,every,greatest,one,people,real",20210221
99,"jesus,lie,many,people,real,year",gives,"conspiracy,illuminati,initiative,jared,stacy,video",20210221
100,"jesus,lie,many,people,real,year",spread,"channel,evidence,like,rt,thousand,video",20210221
101,"jesus,lie,many,people,real,year",based,many,20210221
102,"jesus,lie,many,people,real,year",solved,"agency,conspiracy,investigator,many,people,time",20210221
103,"jesus,lie,many,people,real,year",planned,"draft,first,hospital,news,org,time",20210221
104,"jesus,lie,many,people,real,year",left,"agent,dea,many,murder,people,time",20210221
105,"jesus,lie,many,people,real,year",make,"fall,last,like,nation,qr,year",20210221
106,"conspiracy,fuck,lie,like,people,real",save,people,20210221
107,"conspiracy,fuck,lie,like,people,real",posted,"biden,every,trump",20210221
108,"conspiracy,fuck,lie,like,people,real",encompassing,"lie,life,one,people,real,social",20210221
109,"conspiracy,fuck,lie,like,people,real",means,"affair,cia,contra,drug,one,real",20210221
110,"conspiracy,fuck,lie,like,people,real",are,"conspiracy,lol,many,people,tukey,world",20210221
111,"conspiracy,fuck,lie,like,people,real",held,"couple,last,one,three,two,year",20210221
112,"cant,conspiracy,like,one,people,trump",think,people,20210221
113,"cant,conspiracy,like,one,people,trump",is,"justice,luciano,lucky,real,social,working",20210221
114,"cant,conspiracy,like,one,people,trump",worked up,"day,entertainment,life,news,people,social",20210221
115,"cant,conspiracy,like,one,people,trump",suffers,"america,american,christian,fuck,gasser,many",20210221
116,"cant,conspiracy,like,one,people,trump",sell,"conspiracy,donald,new,trump",20210221
117,"cant,conspiracy,like,one,people,trump",make,"lie,life,one,people,real,social",20210221
118,"cant,conspiracy,like,one,people,trump",give,"drug,life,north,oliver,people,ring",20210221
119,"cant,conspiracy,like,one,people,trump",indicate,"11th,ive,life,one,sweden,talk",20210221
120,"cant,conspiracy,like,one,people,trump",has,"executive,life,north,oliver,people,rivera",20210221
121,"cant,conspiracy,like,one,people,trump",left,"good,great,ive,people,right,truth",20210221
122,"cant,conspiracy,like,one,people,trump",worry,"control,john,like,new,people,post",20210221
123,"cant,conspiracy,like,one,people,trump",died,"affair,cia,contra,drug,one,real",20210221
124,"cant,conspiracy,like,one,people,trump",decreased,"fall,last,like,nation,qr,year",20210221
125,"cant,conspiracy,like,one,people,trump",put out,"actual,china,country,power,texas,working",20210221
126,"agent,cocaine,conspiracy,dea,drug,virus",are,people,20210221
127,"agent,cocaine,conspiracy,dea,drug,virus",give,"agent,cia,dea,drug,morrison,social",20210221
128,"agent,cocaine,conspiracy,dea,drug,virus",written,"agent,dale,dea,kiki,peter,scott",20210221
129,"agent,cocaine,conspiracy,dea,drug,virus",stonewalling,"agent,cia,fbi,intelligence,investigator,service",20210221
130,"agent,cocaine,conspiracy,dea,drug,virus",owns,"drug,life,north,oliver,people,ring",20210221
131,"agent,cocaine,conspiracy,dea,drug,virus",fucks,drug,20210221
132,"agent,cocaine,conspiracy,dea,drug,virus",is,"agent,contra,drug,north,oliver,ring",20210221
133,"agent,cocaine,conspiracy,dea,drug,virus",exhange,"agent,cartel,cia,drug,mexican,mexico",20210221
134,"agent,cocaine,conspiracy,dea,drug,virus",injected,"affair,cia,contra,drug,one,real",20210221
135,"agent,cocaine,conspiracy,dea,drug,virus",reflect,"conspiracy,illuminati,initiative,jared,stacy,video",20210221
136,"agent,cocaine,conspiracy,dea,drug,virus",is,conspiracy,20210221
137,"good,great,people,right,time,truth",have,people,20210221
138,"good,great,people,right,time,truth",goes,"effect,great,justice,social,special,time",20210221
139,"good,great,people,right,time,truth",got,"biden,dem,great,medal,president,win",20210221
140,"good,great,people,right,time,truth",given,"hemisphere,high,interview,meneses,norwin",20210221
141,"good,great,people,right,time,truth",employs,"christic,every,institute,people,river,whole",20210221
142,"good,great,people,right,time,truth",not_not {ripening},"good,great,ive,people,right,truth",20210221
143,"good,great,people,right,time,truth",thats,"conspiracy,every,greatest,one,people,real",20210221
144,"good,great,people,right,time,truth",automated,time,20210221
145,"good,great,people,right,time,truth",was,"elite,fame,force,power,rich,super",20210221
146,"baptist,church,four,november,spotswood,year",gathered,people,20210221
147,"baptist,church,four,november,spotswood,year",remove,"drug,life,north,oliver,people,ring",20210221
148,"baptist,church,four,november,spotswood,year",be,church,20210221
149,"baptist,church,four,november,spotswood,year",are,"catholic,church",20210221
150,"baptist,church,four,november,spotswood,year",be,"church,information",20210221
151,"baptist,church,four,november,spotswood,year",was,"church,girl,southern",20210221
152,"baptist,church,four,november,spotswood,year",is,"church,churchill,england",20210221
153,"baptist,church,four,november,spotswood,year",smiled,"first,good,great,right,second,time",20210221
154,"baptist,church,four,november,spotswood,year",made,"35,50,another,billion,last,year",20210221
155,"dude,guy,like,people,plus,youre",believed,people,20210221
156,"like,people,well",are,people,20210221
157,"like,people,well",went,"hahahahaha,initiative,ive,many,next,one",20210221
158,"cocacola,doe,im,people,right,time",surprised,people,20210221
159,"cocacola,doe,im,people,right,time",cheated,"biden,dem,great,medal,president,win",20210221
160,"cocacola,doe,im,people,right,time",MOCKING,"first,good,great,right,second,time",20210221
161,"cocacola,doe,im,people,right,time",serving,"good,great,people,right,time,truth",20210221
162,"cocacola,doe,im,people,right,time",round up,"action,december,ocean,per,report,transfusion",20210221
163,"america,american,christian,liberal,nyjah,wasteland",Working,"agent,cia,dea,drug,morrison,social",20210221
164,"agent,asia,camarena,drug,enrique,trade",was,"agent,castillo,cia,dea,drug,fbi",20210221
165,"agent,cia,fbi,intelligence,investigator,service",cover,cia,20210221
166,"1st,agencyhttpsnp,amendment,government,govt,security",were,"cia,conservative,control,corporation,elite,government",20210221
167,"donald,election,kushner,power,president,trump",ransacked,"agent,cia,dea,drug,morrison,social",20210221
168,"drug,life,north,oliver,people,ring",help,"agent,cia,dea,drug,morrison,social",20210221
169,"drug,life,north,oliver,people,ring",paid,"day,entertainment,life,news,people,social",20210221
170,"drug,life,north,oliver,people,ring",exploiting,"cia,conservative,control,corporation,elite,government",20210221
171,"drug,life,north,oliver,people,ring",believes,"american,black,cockburn,half,job,many",20210221
172,"drug,life,north,oliver,people,ring",ask,"america,bank,central,felix,gallardo,social",20210221
173,"drug,life,north,oliver,people,ring",cut off,"biden,force,president,rica,task,vice",20210221
174,"agent,cartel,cia,drug,mexican,mexico",stonewalling,"agent,castillo,cia,dea,drug,fbi",20210221
175,"300,company,contra,drug,meneses,norwin",testified,"agent,cia,dea,drug,morrison,social",20210221
176,"affair,cia,contra,drug,one,real",encouraged,"agent,cia,dea,drug,morrison,social",20210221
177,"11,600,march,million,north,oliver",Hit,"agent,dale,dea,kiki,peter,scott",20210221
178,"conspiracy,every,greatest,one,people,real",killed,"agent,cia,dea,drug,morrison,social",20210221
179,"first,good,great,right,second,time",turned,"effect,great,justice,social,special,time",20210221
180,"agent,george,harrison,lawrence,marshall,victor",agreed,"agent,castillo,cia,dea,drug,fbi",20210221
181,"agent,george,harrison,lawrence,marshall,victor",shot,"jesus,lie,many,people,real,year",20210221
182,"agent,cia,harrison,lawrence,marshall,victor",said,"agent,castillo,cia,dea,drug,fbi",20210221
183,"city,dale,like,peter,scott",worked,"agent,dale,dea,kiki,peter,scott",20210221
184,"call,like,one,people,social,world",encourage,"day,entertainment,life,news,people,social",20210221
185,"call,like,one,people,social,world",experiment,"amendment,first,good,one,story,time",20210221
186,"call,like,one,people,social,world",sleeping,"good,great,people,right,time,truth",20210221
187,"call,like,one,people,social,world",carry,"jesus,lie,many,people,real,year",20210221
188,"call,like,one,people,social,world",take out,"bush,district,fredericksburg,government,illuminati,trump",20210221
189,"call,like,one,people,social,world",hit,"alaska,bronze,effect,like,military,second",20210221
190,"call,like,one,people,social,world",is,"corona,front,kingdom,lister,orteronel,tak700",20210221
191,"call,like,one,people,social,world",feel,1456,20210221
192,"district,edward,many,post,rafeedie,washington",deliver,"cialdini,enterprise,head,panamanian,special,story",20210221
193,"district,edward,many,post,rafeedie,washington",visit,"jesus,lie,many,people,real,year",20210221
194,"district,edward,many,post,rafeedie,washington",visit,"bush,district,fredericksburg,government,illuminati,trump",20210221
195,"agent,dea,fbi,fbicia,headquarters,report",investigating,"agent,castillo,cia,dea,drug,fbi",20210221
196,blandon,had,"cialdini,enterprise,head,panamanian,special,story",20210221
197,"entertainment,life,matrix,news,people,social",encourage,"day,entertainment,life,news,people,social",20210221
198,"36,country,elite,news,operation,two",stayed,cia,20210221
199,"36,country,elite,news,operation,two",arguing,"bush,district,fredericksburg,government,illuminati,trump",20210221
200,"36,country,elite,news,operation,two",was,one,20210221
201,"evidence,first,history,real,story,whole",explain,"cialdini,enterprise,head,panamanian,special,story",20210221
202,"disney,life,northeast,pennsylvania,rqanoncasualties,walt",cut,"cialdini,enterprise,head,panamanian,special,story",20210221
203,"disney,life,northeast,pennsylvania,rqanoncasualties,walt",had,"baptist,church,four,november,spotswood,year",20210221
204,"disney,life,northeast,pennsylvania,rqanoncasualties,walt",removed,"bush,district,fredericksburg,government,illuminati,trump",20210221
205,torres,is,"cialdini,enterprise,head,panamanian,special,story",20210221
206,"social,video",Include,"justice,luciano,lucky,real,social,working",20210221
207,"agent,berrellez,cartel,dea,drug,intelligence",identified,"agent,castillo,cia,dea,drug,fbi",20210221
208,"agent,berrellez,cartel,dea,drug,intelligence",condoned,"agent,cia,dea,drug,morrison,social",20210221
209,"agent,berrellez,cartel,dea,drug,intelligence",paid,"bush,district,fredericksburg,government,illuminati,trump",20210221
210,"agent,berrellez,cartel,dea,drug,intelligence",dropped,"agent,cocaine,conspiracy,dea,drug,virus",20210221
211,"angeles,channel,election,elite,government,people",elected,"agent,cia,dea,drug,morrison,social",20210221
212,"angeles,channel,election,elite,government,people",laughing,"china,elon,intelligence,israel,power,year",20210221
213,"angeles,channel,election,elite,government,people",are,"jesus,lie,many,people,real,year",20210221
214,"angeles,channel,election,elite,government,people",including,"baptist,church,four,november,spotswood,year",20210221
215,"angeles,channel,election,elite,government,people",was,"bush,district,fredericksburg,government,illuminati,trump",20210221
216,"angeles,channel,election,elite,government,people",converts,"alaska,bronze,effect,like,military,second",20210221
217,"angeles,channel,election,elite,government,people",knows,"call,like,one,people,social,world",20210221
218,"angeles,channel,election,elite,government,people",followed,"german,one,people,walmart,war,world",20210221
219,"angeles,channel,election,elite,government,people",conducted,"committee,company,john,kerry,republican,senate",20210221
220,"angeles,channel,election,elite,government,people",went,"like,netflix,people,super,time,tv",20210221
221,"angeles,channel,election,elite,government,people",spreading,"agency,fqx,network,news,newscorp,vice",20210221
222,"angeles,channel,election,elite,government,people",said,"cartel,im,jim,sinaloa,system,time",20210221
223,"angeles,channel,election,elite,government,people",turned,"angeles,black,frontline,hospital,los,schrettner",20210221
224,"almost,case,guy,one,people,post",is,"justice,luciano,lucky,real,social,working",20210221
225,"almost,case,guy,one,people,post",need,"affair,contra,crack,iran,nicaraguan,scandal",20210221
226,"almost,case,guy,one,people,post",ranked,"cant,conspiracy,like,one,people,trump",20210221
227,"almost,case,guy,one,people,post",watch in,"conspiracy,fuck,lie,like,people,real",20210221
228,"almost,case,guy,one,people,post",creating,democrat,20210221
229,"almost,case,guy,one,people,post",is,"close,eye,guy,one,real,sweden",20210221
230,"criminal,dea,division,doj,head,headquarters",investigated,cia,20210221
231,"fluor,language,witness",are,"effect,great,justice,social,special,time",20210221
232,"government,gregg,herbert,pentagon,video,walker",caused,"cia,conservative,control,corporation,elite,government",20210221
233,"agent,chretian,dea,fbi,head,report",inflicted,"agent,castillo,cia,dea,drug,fbi",20210221
234,"agent,chretian,dea,fbi,head,report",address,"criminal,dea,division,doj,head,headquarters",20210221
235,"berrellez,dea,deacia,hector,justin,trudeau",doing,agent,20210221
236,"berrellez,dea,deacia,hector,justin,trudeau",check,"bush,district,fredericksburg,government,illuminati,trump",20210221
237,"berrellez,dea,deacia,hector,justin,trudeau",is,"dale,department,justice,party,peter,scott",20210221
238,"cia,dea,fbi,oig,report,senate",investigated,cia,20210221
239,"cia,dea,fbi,oig,report,senate",keeping,"agent,chretian,dea,fbi,head,report",20210221
240,"471988,betzner,central,interview,kerry,wayne",landed,"america,bank,central,felix,gallardo,social",20210221
241,"american,cartel,central,germany,native,south",left,"america,american,christian,liberal,nyjah,wasteland",20210221
242,"administration,american,citizen,embassy,patriot,people",keep,"american,citizen,government,patriot,people,workingclass",20210221
243,"administration,american,citizen,embassy,patriot,people",Taking,"america,american,bank,government,million,native",20210221
244,"american,cockburn,job,many,public",plunge,"american,black,cockburn,half,job,many",20210221
245,"agency,american,good,many,people,truth",cancel,"america,bank,central,felix,gallardo,social",20210221
246,"agency,american,good,many,people,truth",caught,"america,american,christian,fuck,gasser,many",20210221
247,"255,american,cia,decade,many,million",joined,"america,american,bank,government,million,native",20210221
248,"group,interagency,north,nsdd2,restricted,rig",defines,christian,20210221
249,"agent,america,american,citizen,lol,people",suffers,"agent,america,central,clarke,kristen,lol",20210221
250,"america,american,government,native,nyjah,patriot",organised,"agent,america,central,clarke,kristen,lol",20210221
251,"america,american,government,native,nyjah,patriot",Reduce,"america,american,bank,government,million,native",20210221
252,"alex,democratic,gary,lasry,senate,webb",pursue,christian,20210221
253,"alex,democratic,gary,lasry,senate,webb",try,"jesus,lie,many,people,real,year",20210221
254,"alex,democratic,gary,lasry,senate,webb",Summon,"bush,district,fredericksburg,government,illuminati,trump",20210221
255,"alex,democratic,gary,lasry,senate,webb",became,"german,one,people,walmart,war,world",20210221
256,"alex,democratic,gary,lasry,senate,webb",is,"alex,democratic,lasry,senate",20210221
257,"alex,democratic,gary,lasry,senate,webb",was,"david,one,two",20210221
258,"hillary,jenna,president,rally,sidney,trump",locked,"19,company,energy,million,power,red",20210221
259,"agent,contra,drug,north,oliver,ring",Asked,"agent,asia,camarena,drug,enrique,trade",20210221
260,"agent,contra,drug,north,oliver,ring",worked,"drug,life,north,oliver,people,ring",20210221
261,"bulkpower,company,power,system,texas,transformer",purchase,"19,company,energy,million,power,red",20210221
262,"act,donald,jenna,president,sidney,trump",kicking,"hillary,jenna,president,rally,sidney,trump",20210221
263,"act,donald,jenna,president,sidney,trump",comes,"campaign,donald,mission,next,president,trump",20210221
264,"10,conspiracy,farc,league,levine,michael",is,"donald,grand,gregg,mcdonalds,mr,north",20210221
265,"control,elite,night,people,power,rich",spent,"donald,election,kushner,power,president,trump",20210221
266,"big,lie",canceling,"biden,force,president,rica,task,vice",20210221
267,"case,current,ive,many,time,year",gone,biden,20210221
268,"case,current,ive,many,time,year",destabilized,"hahahahaha,initiative,ive,many,next,one",20210221
269,"case,current,ive,many,time,year",got,"executive,life,north,oliver,people,rivera",20210221
270,"president,reagan",killed,"bush,president,reagan,ronald,vice,vp",20210221
271,"living,man,many,one,people,trump",wearing,"biden,eo,hunter,new,president",20210221
272,"living,man,many,one,people,trump",is,"earth,first,living,qr,time,zero",20210221
273,"living,man,many,one,people,trump",pumping,"cant,conspiracy,like,one,people,trump",20210221
274,"committee,fbi,kerry,north,oliver,revell",is,"drug,life,north,oliver,people,ring",20210221
275,"annapolis,life,northeast,pennsylvania,rqanoncasualties,weekly",lives,"executive,life,north,oliver,people,rivera",20210221
276,"donald,dutton,gregg,north,oliver,owen",wrote,"executive,life,north,oliver,people,rivera",20210221
277,many,prayed,"executive,life,north,oliver,people,rivera",20210221
278,many,not_not {do},many,20210221
279,many,gave,"case,current,ive,many,time,year",20210221
280,many,be,"good,great,people,right,time,truth",20210221
281,many,be,"baptist,church,four,november,spotswood,year",20210221
282,many,becomes,"country,gun,guy,jesus,people,rodriguez",20210221
283,"draft,first,hospital,news,org,time",serve,"drug,life,north,oliver,people,ring",20210221
284,"cia,four,house,many,nwo,year",have,"drug,life,north,oliver,people,ring",20210221
285,"close,doe,el,good,time",pull,"lie,life,one,people,real,social",20210221
286,"close,doe,el,good,time",tell,"cant,conspiracy,like,one,people,trump",20210221
287,"close,doe,el,good,time",individualize,"country,gun,guy,jesus,people,rodriguez",20210221
288,"anon,cns,real,year",create,"lie,life,one,people,real,social",20210221
289,"call,ilhan,omar,one",does,"11th,ive,life,one,sweden,talk",20210221
290,"head,life,post",say,"control,john,like,new,people,post",20210221
291,one,reading,"hahahahaha,initiative,ive,many,next,one",20210221
292,one,becoming,"11th,ive,life,one,sweden,talk",20210221
293,one,nobodys,"earth,economic,gusteau,modern,rowling,well",20210221
294,one,gos,"conspiracy,drug,grand,lol,one,talk",20210221
295,one,is,"good,great,people,right,time,truth",20210221
296,one,relieve,"dude,guy,like,people,plus,youre",20210221
297,one,handle,"cant,conspiracy,like,one,people,trump",20210221
298,one,kicked,"country,gun,guy,jesus,people,rodriguez",20210221
299,one,is,"corona,front,kingdom,lister,orteronel,tak700",20210221
300,"cena,grady,hull,john,like,mulaney",learnt,"control,john,like,new,people,post",20210221
301,"cena,grady,hull,john,like,mulaney",received,"country,gun,guy,jesus,people,rodriguez",20210221
302,"action,conservative,orange,people,recent,social",says,conservative,20210221
303,"action,conservative,orange,people,recent,social",appear,"german,one,people,walmart,war,world",20210221
304,big,concludes,"executive,life,north,oliver,people,rivera",20210221
305,big,slamming,"jesus,lie,many,people,real,year",20210221
306,"big,like,many,people,state,three",is,"lie,life,one,people,real,social",20210221
307,"big,like,many,people,state,three",went,"hahahahaha,initiative,ive,many,next,one",20210221
308,"big,like,many,people,state,three",get,"executive,life,north,oliver,people,rivera",20210221
309,"big,like,many,people,state,three",gets,one,20210221
310,"cant,lie,one,people,social,working",get,"lie,life,one,people,real,social",20210221
311,"ive,like,people,social,whole,year",includes,"drug,life,north,oliver,people,ring",20210221
312,"ive,like,people,social,whole,year",is,"executive,life,north,oliver,people,rivera",20210221
313,"like,next,one,people,two,well",running,"hahahahaha,initiative,ive,many,next,one",20210221
314,"earth,first,like,living,sweden,trump",keeping,"11th,ive,life,one,sweden,talk",20210221
315,"new,people,talk",worked,"11th,ive,life,one,sweden,talk",20210221
316,"every,ive,lmao,man,order,whole",was,"christic,every,institute,people,river,whole",20210221
317,"buddy,good,great,ive,people,right",do,"good,great,ive,people,right,truth",20210221
318,"anon,christian,girl,good,real,story",consume,"good,great,ive,people,right,truth",20210221
319,"anon,christian,girl,good,real,story",is,"good,great,people,right,time,truth",20210221
320,"anon,christian,girl,good,real,story",watch,"bush,district,fredericksburg,government,illuminati,trump",20210221
321,"evidence,good,intelligence,people,truth,well",given,"good,great,ive,people,right,truth",20210221
322,"evidence,good,intelligence,people,truth,well",is,"good,great,people,right,time,truth",20210221
323,"evidence,good,intelligence,people,truth,well",assist,"country,gun,guy,jesus,people,rodriguez",20210221
324,"evidence,good,intelligence,people,truth,well",talking,video,20210221
325,"evidence,good,intelligence,people,truth,well",not_not is {condemned} already,"day,earliest,information,lie,people,system",20210221
326,"evidence,good,intelligence,people,truth,well",is,people,20210221
327,"evidence,good,intelligence,people,truth,well",tied,"cocacola,doe,im,people,right,time",20210221
328,"evidence,good,intelligence,people,truth,well",was,post,20210221
329,"1977,2012,russian",gets,"executive,life,north,oliver,people,rivera",20210221
330,"1977,2012,russian",fudged,"bush,district,fredericksburg,government,illuminati,trump",20210221
331,"dfs,head",ensure,"executive,life,north,oliver,people,rivera",20210221
332,"1165,alliance,book,dark,enoch,gregg",is,"lie,life,one,people,real,social",20210221
333,"1165,alliance,book,dark,enoch,gregg",taught,"jesus,lie,many,people,real,year",20210221
334,"alliance,book,dark,darkness,deep,winter",not_not {make},"lie,life,one,people,real,social",20210221
335,"alliance,book,dark,darkness,deep,winter",root out,"conspiracy,drug,like,one,people,world",20210221
336,"agent,alex,cia,lasry,law,planet",deem,"executive,life,north,oliver,people,rivera",20210221
337,"agent,alex,cia,lasry,law,planet",'s,"jesus,lie,many,people,real,year",20210221
338,"agent,alex,cia,lasry,law,planet",are,"baptist,church,four,november,spotswood,year",20210221
339,"agent,alex,cia,lasry,law,planet",makes,"bush,district,fredericksburg,government,illuminati,trump",20210221
340,"cocacola,good,great,im,ive,last",prepped,"good,great,ive,people,right,truth",20210221
341,"cocacola,good,great,im,ive,last",is,"amendment,first,good,one,story,time",20210221
342,"cocacola,good,great,im,ive,last",be,"good,great,people,right,time,truth",20210221
343,"cocacola,good,great,im,ive,last",is,"another,data,finland,list,lol,nation",20210221
344,"cocacola,good,great,im,ive,last",is,"actual,many,people,sun,supremacist,white",20210221
345,"death,earth,every,nation,people,virus",visualize,"big,lie",20210221
346,"death,earth,every,nation,people,virus",is,"jesus,lie,many,people,real,year",20210221
347,"death,earth,every,nation,people,virus",occur,"agencypaid,conspiracy,drug,people,post,video",20210221
348,"contra,north,oped,president,rica,security",were,"affair,contra,crack,iran,nicaraguan,scandal",20210221
349,"book,evidence,historical,irrefutable,new",put,"contra,contrascrackcia,evidence,frederico,pyramid,whole",20210221
350,"11,16,1998,february,march,time",is,"11,600,march,million,north,oliver",20210221
351,"11,16,1998,february,march,time",is,"baptist,church,four,november,spotswood,year",20210221
352,contra,running,"contra,contrascrackcia,evidence,frederico,pyramid,whole",20210221
353,"amendment,contractor,dominion,pyramid",is,"contra,contrascrackcia,evidence,frederico,pyramid,whole",20210221
354,"10m,11,contra,march,richard,secord",awarded,"11,600,march,million,north,oliver",20210221
355,"biden,big,drug,lie,many,president",IS,conspiracy,20210221
356,"biden,big,drug,lie,many,president",selling,"jesus,lie,many,people,real,year",20210221
357,"biden,big,drug,lie,many,president",named,"agent,cocaine,conspiracy,dea,drug,virus",20210221
358,"biden,big,drug,lie,many,president",was,"conspiracy,fuck,lie,like,people,real",20210221
359,"biden,big,drug,lie,many,president",testified,"hemisphere,interview,man,meneses,miranda,norwin",20210221
360,"anon,coast,conspiracy,doe,qanon,real",been,"conspiracy,every,greatest,one,people,real",20210221
361,"anon,coast,conspiracy,doe,qanon,real",portrays,conspiracy,20210221
362,"anon,coast,conspiracy,doe,qanon,real",leads,"jesus,lie,many,people,real,year",20210221
363,"anon,coast,conspiracy,doe,qanon,real",made,"conspiracy,drug,like,one,people,world",20210221
364,post,is,"earth,economic,gusteau,modern,rowling,well",20210221
365,post,posted,"country,gun,guy,jesus,people,rodriguez",20210221
366,post,are,webb,20210221
367,post,triggered,"channel,every,filth,health,windsor,youtube",20210221
368,"biden,big,conspiracy,lie,people,president",based,conspiracy,20210221
369,"biden,big,conspiracy,lie,people,president",take,"jesus,lie,many,people,real,year",20210221
370,"biden,big,conspiracy,lie,people,president",down,"conspiracy,fuck,lie,like,people,real",20210221
371,"biden,big,conspiracy,lie,people,president",approved,"cbs,good,news,old,people,three",20210221
372,"biden,big,conspiracy,lie,people,president",stifle,"biden,big,conspiracy,lie,people,president",20210221
373,"biden,big,conspiracy,lie,people,president",is,"conspiracy,crime,criminal,drug,im,people",20210221
374,"biden,big,conspiracy,lie,people,president",started,"biden,big,cia,lie,president,time",20210221
375,"biden,big,conspiracy,lie,people,president",take,"channel,every,filth,health,windsor,youtube",20210221
376,"conspiracy,genocide,white",is,"conspiracy,illuminati,initiative,jared,stacy,video",20210221
377,"board,conspiracy,new,people,post,prez",skip,"earth,economic,gusteau,modern,rowling,well",20210221
378,"board,conspiracy,new,people,post,prez",call,"jesus,lie,many,people,real,year",20210221
379,"board,conspiracy,new,people,post,prez",working,"country,gun,guy,jesus,people,rodriguez",20210221
380,"board,conspiracy,new,people,post,prez",exploited,"conspiracy,fuck,lie,like,people,real",20210221
381,"board,conspiracy,new,people,post,prez",hype,"america,cia,people,social,story,well",20210221
382,"earth,first,living,qr,time,zero",asked,"american,black,many,people,time,update",20210221
383,"good,like,man,many,people,white",say,"agency,american,good,many,people,truth",20210221
384,"good,like,man,many,people,white",known,"good,great,people,right,time,truth",20210221
385,"good,like,man,many,people,white",convinced,"jesus,lie,many,people,real,year",20210221
386,"good,like,man,many,people,white",blows,"country,gun,guy,jesus,people,rodriguez",20210221
387,"good,like,man,many,people,white",give,"5g,environment,front,life,people,strong",20210221
388,"good,like,man,many,people,white",own,"bill,doe,gate,guy,like,man",20210221
389,time,showed,"amendment,first,good,one,story,time",20210221
390,time,'s,time,20210221
391,time,have,"energy,every,hahahahahaha,people,post,time",20210221
392,time,is,"good,great,people,right,time,truth",20210221
393,time,translated,"country,gun,guy,jesus,people,rodriguez",20210221
394,"city,elizabeth,man,manchester,university,westside",have,"draft,first,hospital,news,org,time",20210221
395,"draft,first,news,org",debunks,"draft,first,hospital,news,org,time",20210221
396,"journal,oped,time,title",was,time,20210221
397,"journal,oped,time,title",sum,"bush,district,fredericksburg,government,illuminati,trump",20210221
398,"journal,oped,time,title",spark,"country,gun,guy,jesus,people,rodriguez",20210221
399,"cartel,im,jim,sinaloa,system,time",called,time,20210221
400,"cartel,im,jim,sinaloa,system,time",met,"jesus,lie,many,people,real,year",20210221
401,"cartel,im,jim,sinaloa,system,time",Is,"bush,district,fredericksburg,government,illuminati,trump",20210221
402,"cartel,im,jim,sinaloa,system,time",include,"country,gun,guy,jesus,people,rodriguez",20210221
403,"cartel,im,jim,sinaloa,system,time",get,"baker,fuck,israel,jim,jimnez,jims",20210221
404,"cartel,im,jim,sinaloa,system,time",caused,"5g,jim,jimerson,morrison",20210221
405,"cartel,im,jim,sinaloa,system,time",is,"german,one,people,walmart,war,world",20210221
406,"cartel,im,jim,sinaloa,system,time",is,"action,december,ocean,per,report,transfusion",20210221
407,"cant,im,jim,lie,one,time",imagining,"earth,first,living,qr,time,zero",20210221
408,"cant,im,jim,lie,one,time",fucks,"cant,conspiracy,like,one,people,trump",20210221
409,"cant,im,jim,lie,one,time",steal,"conspiracy,fuck,lie,like,people,real",20210221
410,"cant,im,jim,lie,one,time",coordinating,"bv,cant,im,jim",20210221
411,"cant,im,jim,lie,one,time",is,one,20210221
412,job,doing,"amendment,first,good,one,story,time",20210221
413,job,is,"bush,district,fredericksburg,government,illuminati,trump",20210221
414,job,have,"country,gun,guy,jesus,people,rodriguez",20210221
415,job,incentivize,"job,melissa,modern,tucson,working",20210221
416,case,was,"amendment,first,good,one,story,time",20210221
417,"80,actual,entire,information,old,video",makes,"couple,last,one,three,two,year",20210221
418,"80,actual,entire,information,old,video",think,"call,like,one,people,social,world",20210221
419,death,add,"fall,last,like,nation,qr,year",20210221
420,death,enter,"christian,death,donny,real,vax,youre",20210221
421,"david,one,two",is,"president,reagan",20210221
422,"carlos,fdn,kobnerlos,lehder,nobel,rocha",shot,"carlos,fdn,illuminati,jesse,rocha,rqanoncasualties",20210221
423,"communist,elite,entire,party,process,whole",making,"cns,elite,full,party,service,society",20210221
424,china,laughing,china,20210221
425,democrat,crash,china,20210221
426,"china,communist,country,democrat,israel,military",compete,china,20210221
427,"19,corona,flood,virus,winter,wuhan",make,"jesus,lie,many,people,real,year",20210221
428,"19,corona,flood,virus,winter,wuhan",is,"agent,cocaine,conspiracy,dea,drug,virus",20210221
429,"environment,irate,lister,police,post,ron",surrounding,"bush,district,fredericksburg,government,illuminati,trump",20210221
430,"environment,irate,lister,police,post,ron",given,"cant,conspiracy,like,one,people,trump",20210221
431,"bush,castillo,celerino,george,iii,lister",Smiled,"bush,district,fredericksburg,government,illuminati,trump",20210221
432,"alaska,bronze,effect,like,military,second",verify,"bush,district,fredericksburg,government,illuminati,trump",20210221
433,"cash,darwin,doe,elite,head,mountain",called,"cant,conspiracy,like,one,people,trump",20210221
434,"buck,lasry,marc,pdjt,situation",not_not {informed},"bush,district,fredericksburg,government,illuminati,trump",20210221
435,guy,wed,"good,great,people,right,time,truth",20210221
436,guy,not_not {have},"dude,guy,like,people,plus,youre",20210221
437,guy,know,"country,gun,guy,jesus,people,rodriguez",20210221
438,"baker,gate,good,guy,like",PLANTED,"good,great,people,right,time,truth",20210221
439,"diehold,foundation,guy,qr,video,youtube",wait,"jesus,lie,many,people,real,year",20210221
440,"diehold,foundation,guy,qr,video,youtube",wait,"bush,district,fredericksburg,government,illuminati,trump",20210221
441,"baker,couple,day,guy,house,qr",walked,"jesus,lie,many,people,real,year",20210221
442,"antifa,dude,eye,guy,like,right",is,"cant,conspiracy,like,one,people,trump",20210221
443,"antifa,dude,eye,guy,like,right",said,"conspiracy,fuck,lie,like,people,real",20210221
444,"another,guy,talk,two",have,"country,gun,guy,jesus,people,rodriguez",20210221
445,"bush,defendant,george,gregg,office,rodriguez",takes,"bush,district,fredericksburg,government,illuminati,trump",20210221
446,bush,channeled,"country,gun,guy,jesus,people,rodriguez",20210221
447,"cocaine,meneses,norwin",makes,"agent,cocaine,conspiracy,dea,drug,virus",20210221
448,"bill,gate",owns,"bush,district,fredericksburg,government,illuminati,trump",20210221
449,"foudation,gate,melinda,watergate",banned,"country,gun,guy,jesus,people,rodriguez",20210221
450,"billy,costco,dude,gate,seattle,two",die,"country,gun,guy,jesus,people,rodriguez",20210221
451,"around,jim,past,year",throw,"bush,district,fredericksburg,government,illuminati,trump",20210221
452,"5g,jim,jimerson,morrison",involved,"country,gun,guy,jesus,people,rodriguez",20210221
453,"milian,project,ramon,rodriguez,rodriguezs,salvador",met,"country,gun,guy,jesus,people,rodriguez",20210221
454,rodriguez,met,"country,gun,guy,jesus,people,rodriguez",20210221
455,video,is,"jesus,lie,many,people,real,year",20210221
456,video,cover up,"bush,district,fredericksburg,government,illuminati,trump",20210221
457,video,used,"country,gun,guy,jesus,people,rodriguez",20210221
458,"34,80,every,min,people,video",think,"jesus,lie,many,people,real,year",20210221
459,"one,video,youtube",used,"cant,conspiracy,like,one,people,trump",20210221
460,"agent,city,directorate,mexico,mountain,new",died,"bush,district,fredericksburg,government,illuminati,trump",20210221
461,"intellectual,man,nature,one,talk,video",offering,"good,great,people,right,time,truth",20210221
462,"intellectual,man,nature,one,talk,video",considered,"country,gun,guy,jesus,people,rodriguez",20210221
463,"intellectual,man,nature,one,talk,video",pick,"close,doe,el,good,time",20210221
464,"every,lol,one,people,whole,world",support,"jesus,lie,many,people,real,year",20210221
465,"every,lol,one,people,whole,world",has,"bush,district,fredericksburg,government,illuminati,trump",20210221
466,"conspiracy,drug,like,one,people,world",tantamount,"jesus,lie,many,people,real,year",20210221
467,"conspiracy,drug,like,one,people,world",engulf,"country,gun,guy,jesus,people,rodriguez",20210221
468,"conspiracy,drug,like,one,people,world",Is,"agent,cocaine,conspiracy,dea,drug,virus",20210221
469,"conspiracy,drug,like,one,people,world",encourage,"conspiracy,fuck,lie,like,people,real",20210221
470,"conspiracy,drug,like,one,people,world",created,"elite,fire,lake,party,power,vice",20210221
471,world,had,"bush,district,fredericksburg,government,illuminati,trump",20210221
472,world,be,"country,gun,guy,jesus,people,rodriguez",20210221
473,"deep,power,state,time,today,world",brought,"bush,district,fredericksburg,government,illuminati,trump",20210221
474,"deep,power,state,time,today,world",asked,"conspiracy,fuck,lie,like,people,real",20210221
475,"history,management,one,people,wapo,watson",draw,"good,great,people,right,time,truth",20210221
476,"history,management,one,people,wapo,watson",return,"country,gun,guy,jesus,people,rodriguez",20210221
477,"conspiracy,man,many,people,right,war",rising,"conspiracy,fuck,lie,like,people,real",20210221
478,"auto,full,military,people,real,time",clogging up,"baptist,church,four,november,spotswood,year",20210221
479,"baker,decision,justice,living,people,pillow",blown up,"bush,district,fredericksburg,government,illuminati,trump",20210221
480,"baker,decision,justice,living,people,pillow",have,"conspiracy,fuck,lie,like,people,real",20210221
481,"anon,israel,like,oped,people,whole",walks,"country,gun,guy,jesus,people,rodriguez",20210221
482,"anon,israel,like,oped,people,whole",fucking,"conspiracy,fuck,lie,like,people,real",20210221
483,"compd,guy,im,lol,people,running",took,"conspiracy,fuck,lie,like,people,real",20210221
484,"29,decision,dude,im,story",'s,"conspiracy,fuck,lie,like,people,real",20210221
485,"anon,job,meme,post,shane,volunteer",run,"conspiracy,fuck,lie,like,people,real",20210221
486,nelson,comment,"country,gun,guy,jesus,people,rodriguez",20210221
487,nelson,met,"corona,front,kingdom,lister,orteronel,tak700",20210221
488,"accounting,blandon",seized,"bush,district,fredericksburg,government,illuminati,trump",20210221
489,"people,real,society,state,torres,united",is,"good,great,people,right,time,truth",20210221
490,"people,real,society,state,torres,united",included,"bush,district,fredericksburg,government,illuminati,trump",20210221
491,"people,real,society,state,torres,united",pinch,"country,gun,guy,jesus,people,rodriguez",20210221
492,"drug,enterprise,government,state,united,virus",Make,"jesus,lie,many,people,real,year",20210221
493,"decision,democrat,report,state,straight,today",seep,"jesus,lie,many,people,real,year",20210221
494,"five,half,movement,new,state,united",'s,"jesus,lie,many,people,real,year",20210221
495,"election,every,ochoa,page,state,texas",have,"bush,district,fredericksburg,government,illuminati,trump",20210221
496,"constitution,country,department,nation,state,united",set,"bush,district,fredericksburg,government,illuminati,trump",20210221
497,"department,economic,im,one,police,state",appealing,"country,gun,guy,jesus,people,rodriguez",20210221
498,"department,economic,im,one,police,state",railed,one,20210221
499,"bank,big,central,news,people,system",lied,"bush,district,fredericksburg,government,illuminati,trump",20210221
500,"bbc,democratmedia,gavi,german,global,postmedia",create,"country,gun,guy,jesus,people,rodriguez",20210221
501,"bridge,fauci,people,power,social,world",partnering,"agent,cocaine,conspiracy,dea,drug,virus",20210221
502,"bolivian,cocaine,drug,north,oliver,remy",shut,"jesus,lie,many,people,real,year",20210221
503,"bolivian,cocaine,drug,north,oliver,remy",buy,"bush,district,fredericksburg,government,illuminati,trump",20210221
504,"bolivian,cocaine,drug,north,oliver,remy",sent,"agent,cocaine,conspiracy,dea,drug,virus",20210221
505,"baptist,church,jesus,people,spotswood,today",lets,"jesus,lie,many,people,real,year",20210221
506,"baptist,church,jesus,people,spotswood,today",crawl,"living,man,many,one,people,trump",20210221
507,"like,netflix,people,super,time,tv",involved,"jesus,lie,many,people,real,year",20210221
508,"like,netflix,people,super,time,tv",considered,"bush,district,fredericksburg,government,illuminati,trump",20210221
509,"like,netflix,people,super,time,tv",reflects,"country,gun,guy,jesus,people,rodriguez",20210221
510,"like,netflix,people,super,time,tv",multiplying,"conspiracy,fuck,lie,like,people,real",20210221
511,"christ,illuminati,jesus,lord,new,testament",place,"baptist,church,four,november,spotswood,year",20210221
512,"bv,dem,eye,op,post,riley",control,"bush,district,fredericksburg,government,illuminati,trump",20210221
513,"bv,dem,eye,op,post,riley",making,"country,gun,guy,jesus,people,rodriguez",20210221
514,"80billion,biden,big,foreign,lie,president",Takes,"cant,conspiracy,like,one,people,trump",20210221
515,jesus,underwent,"country,gun,guy,jesus,people,rodriguez",20210221
516,"covid,people,post,science,system,talk",know,"jesus,lie,many,people,real,year",20210221
517,"covid,people,post,science,system,talk",Gives,"country,gun,guy,jesus,people,rodriguez",20210221
518,"many,one,time",cares,"cant,conspiracy,like,one,people,trump",20210221
519,"many,one,time",been,one,20210221
520,"around,tanaka",raising,"country,gun,guy,jesus,people,rodriguez",20210221
521,"agency,fqx,network,news,newscorp,vice",keep,"jesus,lie,many,people,real,year",20210221
522,"cbs,good,news,old,people,three",finding,"jesus,lie,many,people,real,year",20210221
523,"berkeleyhttpnews,california,jose,mercury,news,san",published,"bush,district,fredericksburg,government,illuminati,trump",20210221
524,"antifa,blm,border,criminal,fox,news",Belong,"conspiracy,fuck,lie,like,people,real",20210221
525,"alienware,big,foot,freemasonandsecret,life,real",attacked,"jesus,lie,many,people,real,year",20210221
526,"christ,grace,saved",saved,"baptist,church,four,november,spotswood,year",20210221
527,"emily,last,movement,one,politifvct,real",checks,"country,gun,guy,jesus,people,rodriguez",20210221
528,"decision,good,information,time,truth,whole",become,"good,great,people,right,time,truth",20210221
529,"decision,good,information,time,truth,whole",advocating,"country,gun,guy,jesus,people,rodriguez",20210221
530,"law,like,math,people,right,whole",comes,"jesus,lie,many,people,real,year",20210221
531,"age,conspiracy,dude,guy,murder,williams",following,"conspiracy,fuck,lie,like,people,real",20210221
532,"47,gary,history,story,webb,whole",had,"baptist,church,four,november,spotswood,year",20210221
533,"beyonc,coverup,history,lie,real,story",colonized,"cant,conspiracy,like,one,people,trump",20210221
534,"beyonc,coverup,history,lie,real,story",set,"country,gun,guy,jesus,people,rodriguez",20210221
535,"beyonc,coverup,history,lie,real,story",Makes,"lol,many,one,qr,story,well",20210221
536,"jimnez,news,post,right,several,time",Tell,"jesus,lie,many,people,real,year",20210221
537,"jimnez,news,post,right,several,time",stick,"agency,fqx,network,news,newscorp,vice",20210221
538,"jimnez,news,post,right,several,time",was,"1996,board,boston,newsletter,several",20210221
539,"guy,im,jims,public,right,time",talk,"bush,district,fredericksburg,government,illuminati,trump",20210221
540,"guy,im,jims,public,right,time",handed,"country,gun,guy,jesus,people,rodriguez",20210221
541,"1981,august,gas,island,murder,title",be,"agent,cocaine,conspiracy,dea,drug,virus",20210221
542,"academy,agenda,hematology,medcrave,medicine,national",conquer,"jesus,lie,many,people,real,year",20210221
543,"colombian,day,gary,ivan,national,webb",telling,"jesus,lie,many,people,real,year",20210221
544,"current,international,nation,national,process,united",were,"baptist,church,four,november,spotswood,year",20210221
545,"council,guard,maryland,national,samuel,security",puts,"bush,district,fredericksburg,government,illuminati,trump",20210221
546,"another,data,finland,list,lol,nation",use,"country,gun,guy,jesus,people,rodriguez",20210221
547,"conspiracy,msm,nation,national,truth,voting",was,"agent,cocaine,conspiracy,dea,drug,virus",20210221
548,"anon,control,people,real,research,world",are,"good,great,people,right,time,truth",20210221
549,"anon,control,people,real,research,world",needs,"country,gun,guy,jesus,people,rodriguez",20210221
550,"anon,control,people,real,research,world",exhibit,"client,jackson,labour,party,people,willie",20210221
551,real,not_not {seek},"cant,conspiracy,like,one,people,trump",20210221
552,real,hit,"compd,guy,im,lol,people,running",20210221
553,"kgb,terrorist",Execute,"agent,cocaine,conspiracy,dea,drug,virus",20210221
554,"communist,democrat,democratic,marxist,party",put,"jesus,lie,many,people,real,year",20210221
555,"godoy,gutierrez,shane",went,"country,gun,guy,jesus,people,rodriguez",20210221
556,im,make,"dude,guy,like,people,plus,youre",20210221
557,im,is,"country,gun,guy,jesus,people,rodriguez",20210221
558,"biden,big,cia,lie,president,time",genderswitching,"jesus,lie,many,people,real,year",20210221
559,"donald,grant,office,robertson,trump",pull out,"bush,district,fredericksburg,government,illuminati,trump",20210221
560,"fame,people,power,reserve,right,ultra",run,"good,great,people,right,time,truth",20210221
561,"fame,people,power,reserve,right,ultra",consider,"cocacola,doe,im,people,right,time",20210221
562,"angeles,department,fire,health,kobnerlos,service",had,"jesus,lie,many,people,real,year",20210221
563,"channel,guy,royuela,santiago,video,youtube",sent,"bush,district,fredericksburg,government,illuminati,trump",20210221
564,"channel,guy,royuela,santiago,video,youtube",studied,"country,gun,guy,jesus,people,rodriguez",20210221
565,"channel,guy,royuela,santiago,video,youtube",let,"conspiracy,fuck,lie,like,people,real",20210221
566,"date,file,night,power,time,video",running,"country,gun,guy,jesus,people,rodriguez",20210221
567,"fdn,hamilton,hun,qanon,qultists,rqanoncasualties",are,"country,gun,guy,jesus,people,rodriguez",20210221
568,"channel,every,filth,health,windsor,youtube",reminds,"conspiracy,fuck,lie,like,people,real",20210221
569,"board,conspiracy,law,people,post,postal",pull,"jesus,lie,many,people,real,year",20210221
570,"like,many,one,page,people,post",got,"country,gun,guy,jesus,people,rodriguez",20210221
571,"age,elite,revolution,underground",gets,"bush,district,fredericksburg,government,illuminati,trump",20210221
572,elite,bothers,"country,gun,guy,jesus,people,rodriguez",20210221
573,elite,are,elite,20210221
574,elite,controlled,"bezos,control,elite,global,jeff,post",20210221
575,"antifa,blm",owned,"cant,conspiracy,like,one,people,trump",20210221
576,"echeverria,edgar,president,super,three,torres",has,"jesus,lie,many,people,real,year",20210221
577,"agency,america,police,social,torres,well",TAKE,"jesus,lie,many,people,real,year",20210221
578,"eye,red,statue",killed,"jesus,lie,many,people,real,year",20210221
579,"facebook,group",psychos,"conspiracy,fuck,lie,like,people,real",20210221
580,"ariel,channel,elon,elsa,nelson,well",talking,"dude,guy,like,people,plus,youre",20210221
581,"ariel,channel,elon,elsa,nelson,well",save,"country,gun,guy,jesus,people,rodriguez",20210221
582,"ariel,channel,elon,elsa,nelson,well",keeping,1456,20210221
583,"ariel,channel,elon,elsa,nelson,well",calls,one,20210221
584,"ariel,channel,elon,elsa,nelson,well",retired,nelson,20210221
585,"ariel,channel,elon,elsa,nelson,well",contemplated,im,20210221
586,"conspiracy,doe,elite,israel,one,people",debunked,"jesus,lie,many,people,real,year",20210221
587,"conspiracy,doe,elite,israel,one,people",run,"cant,conspiracy,like,one,people,trump",20210221
588,"conspiracy,doe,elite,israel,one,people",support,"conspiracy,fuck,lie,like,people,real",20210221
589,"conspiracy,doe,elite,israel,one,people",take,one,20210221
590,"el,election,michael,quintero,rafael,weld",resulting,"bush,district,fredericksburg,government,illuminati,trump",20210221
591,"el,election,michael,quintero,rafael,weld",got,"country,gun,guy,jesus,people,rodriguez",20210221
592,"el,election,michael,quintero,rafael,weld",were,"floyd,george,herbert,orwell,stewart,walker",20210221
593,"el,election,michael,quintero,rafael,weld",make,"freedom,george,michael,soros",20210221
594,"el,election,michael,quintero,rafael,weld",moving,"felix,gallardo,rodriguez",20210221
595,"el,election,michael,quintero,rafael,weld",agrees,felix,20210221
596,"el,election,michael,quintero,rafael,weld",is,"city,elizabeth,man,manchester,university,westside",20210221
597,"el,election,michael,quintero,rafael,weld",take,"call,like,one,people,social,world",20210221
598,"el,election,michael,quintero,rafael,weld",is,nelson,20210221
599,"el,election,michael,quintero,rafael,weld",enter,"client,jackson,labour,party,people,willie",20210221
600,"el,election,michael,quintero,rafael,weld",become,"casey,cooper,dci,hastings,weld,william",20210221
601,"el,election,michael,quintero,rafael,weld",is,"cartel,im,jim,sinaloa,system,time",20210221
602,"el,election,michael,quintero,rafael,weld",was,"anna,elsa,ship,tarzan",20210221
603,"country,division,elite,people,tunnel,well",made,"cant,conspiracy,like,one,people,trump",20210221
604,"country,division,elite,people,tunnel,well",takes,"conspiracy,fuck,lie,like,people,real",20210221
605,"country,division,elite,people,tunnel,well",provide,"conspiracy,drug,like,one,people,world",20210221
606,"country,division,elite,people,tunnel,well",told,"client,jackson,labour,party,people,willie",20210221
607,"country,division,elite,people,tunnel,well",Is,lie,20210221
608,"country,division,elite,people,tunnel,well",take,"doe,elite,wapo",20210221
609,"america,american,black,gallardo,half,million",PROVES,"baptist,church,four,november,spotswood,year",20210221
610,"costa,dea,office,president,rica,rican",deliver,"bush,district,fredericksburg,government,illuminati,trump",20210221
611,"al,costa,electrical,evidence,historical,journal",working,"country,gun,guy,jesus,people,rodriguez",20210221
612,"im,law,national,one,security",isnt,"country,gun,guy,jesus,people,rodriguez",20210221
613,"90,guard,hearing,illuminati,pac",got,"jesus,lie,many,people,real,year",20210221
614,illuminati,brainwashing,"bush,district,fredericksburg,government,illuminati,trump",20210221
615,illuminati,sent,"conspiracy,fuck,lie,like,people,real",20210221
616,evidence,persuade,"cant,conspiracy,like,one,people,trump",20210221
617,evidence,killed,"cocacola,doe,im,people,right,time",20210221
618,"affair,california,illuminati,party,people,story",give,"jesus,lie,many,people,real,year",20210221
619,"affair,california,illuminati,party,people,story",missing,"conspiracy,fuck,lie,like,people,real",20210221
620,"dale,department,justice,party,peter,scott",enter,"bush,district,fredericksburg,government,illuminati,trump",20210221
621,"dale,department,justice,party,peter,scott",testing,"1981,august,gas,island,murder,title",20210221
622,"embassy,guatemala,many,party,superbowl,two",listed,"bush,district,fredericksburg,government,illuminati,trump",20210221
623,"campaign,gas,iluminati,last,party,world",is,"country,gun,guy,jesus,people,rodriguez",20210221
624,truth,go,"good,great,people,right,time,truth",20210221
625,"call,life,people,truth",LINK,"jesus,lie,many,people,real,year",20210221
626,"cnn,jul,nation,people,society,truth",reports,"bush,district,fredericksburg,government,illuminati,trump",20210221
627,"agencypaid,client,lsd",feed,"agent,cocaine,conspiracy,dea,drug,virus",20210221
628,"atlantis,conspiracy,country,good,people,public",legitimize,"good,great,people,right,time,truth",20210221
629,good,get,"good,great,people,right,time,truth",20210221
630,good,be,video,20210221
631,good,is,"evidence,good,intelligence,people,truth,well",20210221
632,"girl,good,news,people,public,second",not_not {have},"country,gun,guy,jesus,people,rodriguez",20210221
633,"bill,chocolate,good",mean,"conspiracy,fuck,lie,like,people,real",20210221
634,"bill,chocolate,good",sold,"baptist,church,jesus,people,spotswood,today",20210221
635,"100,75100,private",expected,"jesus,lie,many,people,real,year",20210221
636,system,fail,"dude,guy,like,people,plus,youre",20210221
637,system,have,"country,gun,guy,jesus,people,rodriguez",20210221
638,"300,35ths,board,drug,people,system",believe,"jesus,lie,many,people,real,year",20210221
639,"gate,guy,like,patriot,people,trump",put,"good,great,people,right,time,truth",20210221
640,"gate,guy,like,patriot,people,trump",included,"jesus,lie,many,people,real,year",20210221
641,like,not_not {understand},"dude,guy,like,people,plus,youre",20210221
642,like,creates,"bush,district,fredericksburg,government,illuminati,trump",20210221
643,like,becomes,"country,gun,guy,jesus,people,rodriguez",20210221
644,like,watched,"conspiracy,fuck,lie,like,people,real",20210221
645,like,was,"call,like,one,people,social,world",20210221
646,like,is,"anon,christian,girl,good,real,story",20210221
647,like,make,"like,many,one,page,people,post",20210221
648,like,trigger,"facebook,instagram,like,one,people,twitter",20210221
649,like,is,"evidence,good,intelligence,people,truth,well",20210221
650,"3rd,ago,like,people,two,year",posting,"baptist,church,four,november,spotswood,year",20210221
651,"conspiracy,history,like,lol,people,science",is,"bush,district,fredericksburg,government,illuminati,trump",20210221
652,"arthur,lie,like,real,science,zero",tell,"cant,conspiracy,like,one,people,trump",20210221
653,"abbott,criminal,like,people,real,whole",make,"conspiracy,fuck,lie,like,people,real",20210221
654,"action,country,every,good,guy,white",invented,"good,great,people,right,time,truth",20210221
655,country,was,"baptist,church,four,november,spotswood,year",20210221
656,country,belong,"bush,district,fredericksburg,government,illuminati,trump",20210221
657,country,is,"cant,conspiracy,like,one,people,trump",20210221
658,country,flipped,"country,gun,guy,jesus,people,rodriguez",20210221
659,country,sticking,"history,management,one,people,wapo,watson",20210221
660,"country,dea,interpol,office,state,united",stalled,"bush,district,fredericksburg,government,illuminati,trump",20210221
661,"another,blue,country,history,people,red",'s,"cant,conspiracy,like,one,people,trump",20210221
662,"another,behind,country,one,third,world",is,"country,gun,guy,jesus,people,rodriguez",20210221
663,"country,criminal,im,lie,lol,well",not_better not {distract},"conspiracy,fuck,lie,like,people,real",20210221
664,"country,criminal,im,lie,lol,well",owned,"471988,allen,betzner,gary,wayne,webb",20210221
665,"country,criminal,im,lie,lol,well",expressing,im,20210221
666,"country,entire,head,post,president,washington",got,"conspiracy,fuck,lie,like,people,real",20210221
667,"doe,good,job,modern,village,western",multiplying,"jesus,lie,many,people,real,year",20210221
668,"doe,good,job,modern,village,western",was,"biden,big,drug,lie,many,president",20210221
669,"egypt,hand,several",having,"jesus,lie,many,people,real,year",20210221
670,"christ,earth,history,jesus,journal,lord",name,"jesus,lie,many,people,real,year",20210221
671,"christ,earth,history,jesus,journal,lord",gave,history,20210221
672,"conspiracy,like,many,people,story,time",is,"jesus,lie,many,people,real,year",20210221
673,two,needs,"country,gun,guy,jesus,people,rodriguez",20210221
674,"66,people,thousand",done,"jesus,lie,many,people,real,year",20210221
675,"real,situation",losing,"conspiracy,fuck,lie,like,people,real",20210221
676,judicial,lost,"baptist,church,four,november,spotswood,year",20210221
677,"cia,cnn,magazine,news,prize,vice",is,"bush,district,fredericksburg,government,illuminati,trump",20210221
678,"brazil,job,many,understanding",use,"country,gun,guy,jesus,people,rodriguez",20210221
679,"connection,current,maker,nation,tarzan,usg",speak,"country,gun,guy,jesus,people,rodriguez",20210221
680,"agent,camarena,dea,enrique,kiki,murder",calling,"jesus,lie,many,people,real,year",20210221
681,"95,america,ochoa,page,percent,social",improved,"jesus,lie,many,people,real,year",20210221
682,"95,america,ochoa,page,percent,social",operated,"call,like,one,people,social,world",20210221
683,"gabbard,marianne,neymar,robinson,tulsi,yang",surve,"bush,district,fredericksburg,government,illuminati,trump",20210221
684,"gabbard,marianne,neymar,robinson,tulsi,yang",is,ron,20210221
685,"gabbard,marianne,neymar,robinson,tulsi,yang",faked,one,20210221
686,"gabbard,marianne,neymar,robinson,tulsi,yang",changed,"german,one,people,walmart,war,world",20210221
687,"like,right,situation,thier",find,"conspiracy,fuck,lie,like,people,real",20210221
688,"committee,congress,house,hspci,intelligence,republican",take,"bush,district,fredericksburg,government,illuminati,trump",20210221
689,"committee,congress,house,hspci,intelligence,republican",get,capitol,20210221
690,house,had,"bush,district,fredericksburg,government,illuminati,trump",20210221
691,house,based,"country,gun,guy,jesus,people,rodriguez",20210221
692,"bolivia,effect,gas,greenhouse,house,power",stabilises,"bush,district,fredericksburg,government,illuminati,trump",20210221
693,"cia,house,press,psaki,white,whiteout",is,"bush,district,fredericksburg,government,illuminati,trump",20210221
694,"big,lie,white,whiteout,xwhiteknight10x",is,"country,gun,guy,jesus,people,rodriguez",20210221
695,"childrens,city,indonesian,middle,school,story",wanted,"country,gun,guy,jesus,people,rodriguez",20210221
696,"childrens,city,indonesian,middle,school,story",understand,"call,like,one,people,social,world",20210221
697,"19961,2012,book,macbook,powerbook,redditbookbot",is,"baptist,church,four,november,spotswood,year",20210221
698,"anderson,crip,keefe,orlando,south,southside",Reminds,"jesus,lie,many,people,real,year",20210221
699,"america,argentina,avenue,connection,india,south",attack,"bush,district,fredericksburg,government,illuminati,trump",20210221
700,"electronics,evidence,living,spanish,virus,wuhan",is,"jesus,lie,many,people,real,year",20210221
701,virus,track,"agent,cocaine,conspiracy,dea,drug,virus",20210221
702,virus,cause,"conspiracy,fuck,lie,like,people,real",20210221
703,"day,drug,guy,nazi,people,scandal",fell,"jesus,lie,many,people,real,year",20210221
704,"90,90day,daily,date,day,every",purchase,"baptist,church,four,november,spotswood,year",20210221
705,"agenda,danilo,florida,ndaa,palacio,wanda",is,"bush,district,fredericksburg,government,illuminati,trump",20210221
706,"agenda,danilo,florida,ndaa,palacio,wanda",assign,"country,gun,guy,jesus,people,rodriguez",20210221
707,"agenda,danilo,florida,ndaa,palacio,wanda",parked,"history,management,one,people,wapo,watson",20210221
708,"agenda,danilo,florida,ndaa,palacio,wanda",took,"german,one,people,walmart,war,world",20210221
709,"agenda,current,data,defendant,today,update",setup,"bush,district,fredericksburg,government,illuminati,trump",20210221
710,"agenda,current,data,defendant,today,update",pushing,"country,gun,guy,jesus,people,rodriguez",20210221
711,day,be,"country,gun,guy,jesus,people,rodriguez",20210221
712,day,delivering,"el,election,michael,quintero,rafael,weld",20210221
713,"bill,case,casey,cia,dci,drug",affects,"jesus,lie,many,people,real,year",20210221
714,"case,court,michigan,people,supreme,whole",save,"jesus,lie,many,people,real,year",20210221
715,"case,court,michigan,people,supreme,whole",thrown,"bush,district,fredericksburg,government,illuminati,trump",20210221
716,"actual,britney,case,client,court,witness",including,"jesus,lie,many,people,real,year",20210221
717,"actual,britney,case,client,court,witness",died,"client,jackson,labour,party,people,willie",20210221
718,"be2hlasbvswum,court,diego,district,federal,supreme",not_not {abuse},"bush,district,fredericksburg,government,illuminati,trump",20210221
719,"channel,people,post,section,social,video",isolating,"country,gun,guy,jesus,people,rodriguez",20210221
720,"channel,people,post,section,social,video",triggered,"angeles,department,fire,health,kobnerlos,service",20210221
721,"1977,russia,russian",attacked,"bush,district,fredericksburg,government,illuminati,trump",20210221
722,"president,running,russia,russian,russianstooge,ukrainian",stood,"conspiracy,fuck,lie,like,people,real",20210221
723,"almost,close,people,post,power,santa",is,"good,great,people,right,time,truth",20210221
724,"almost,close,people,post,power,santa",read,post,20210221
725,"guy,many,people,post,state,time",stored,"jesus,lie,many,people,real,year",20210221
726,"guy,many,people,post,state,time",move,"baptist,church,four,november,spotswood,year",20210221
727,"guy,many,people,post,state,time",saying,"country,gun,guy,jesus,people,rodriguez",20210221
728,"guy,many,people,post,state,time",deal,"election,every,ochoa,page,state,texas",20210221
729,"guy,many,people,post,state,time",remember,big,20210221
730,"guy,many,people,post,state,time",wandering,"conspiracy,crime,criminal,drug,im,people",20210221
731,"close,dinosaur,kilo,people,post,social",lead,"jesus,lie,many,people,real,year",20210221
732,"close,dinosaur,kilo,people,post,social",make,"angeles,channel,election,elite,government,people",20210221
733,"bezos,costa,dea,peter,rica,rivera",choose,"bush,district,fredericksburg,government,illuminati,trump",20210221
734,"bezos,costa,dea,peter,rica,rivera",dismissed,"agent,cocaine,conspiracy,dea,drug,virus",20210221
735,"bezos,costa,dea,peter,rica,rivera",giving,"peter,williams",20210221
736,"bezos,costa,dea,peter,rica,rivera",including,"carlos,fdn,kobnerlos,lehder,nobel,rocha",20210221
737,"bezos,costa,dea,peter,rica,rivera",laughing,"el,election,michael,quintero,rafael,weld",20210221
738,"bezos,costa,dea,peter,rica,rivera",not_not {Exist},finland,20210221
739,"bezos,costa,dea,peter,rica,rivera",show,"company,conspiracy,genocide,great,house,white",20210221
740,"ballesteros,bezos,os,people,post,soros",gets,"country,gun,guy,jesus,people,rodriguez",20210221
741,"ballesteros,bezos,os,people,post,soros",interview,"freedom,george,michael,soros",20210221
742,"ballesteros,bezos,os,people,post,soros",opposing,msm,20210221
743,"ballesteros,bezos,os,people,post,soros",damned,"country,icke,may,nature,people",20210221
744,"ballesteros,bezos,os,people,post,soros",not_does not {mention},post,20210221
745,"ballesteros,bezos,os,people,post,soros",got,"like,many,one,page,people,post",20210221
746,"ballesteros,bezos,os,people,post,soros",did,"el,election,michael,quintero,rafael,weld",20210221
747,"ballesteros,bezos,os,people,post,soros",worship,"job,melissa,modern,tucson,working",20210221
748,"ballesteros,bezos,os,people,post,soros",cut,day,20210221
749,"guy,head,house,people,sam,two",raises,"jesus,lie,many,people,real,year",20210221
750,"head,karma,one,op,people,voting",makes,"conspiracy,fuck,lie,like,people,real",20210221
751,"black,expert,hundred,people,thousand,time",fuck,"baptist,church,four,november,spotswood,year",20210221
752,"black,expert,hundred,people,thousand,time",isolated,"country,gun,guy,jesus,people,rodriguez",20210221
753,"assange,campbell,joseph,julian,rodrigo,santoro",live,"bush,district,fredericksburg,government,illuminati,trump",20210221
754,"assange,campbell,joseph,julian,rodrigo,santoro",is,"country,gun,guy,jesus,people,rodriguez",20210221
755,"assange,campbell,joseph,julian,rodrigo,santoro",is,"agenda,danilo,florida,ndaa,palacio,wanda",20210221
756,"common,head,im,nature,pao,tdish",made,"good,great,people,right,time,truth",20210221
757,"common,head,im,nature,pao,tdish",recycle,"country,gun,guy,jesus,people,rodriguez",20210221
758,"46,greenhouse,house,power,rhett,virus",travel,"baptist,church,four,november,spotswood,year",20210221
759,"liberal,like,one,people,stand,ultra",Think,"bush,district,fredericksburg,government,illuminati,trump",20210221
760,"action,bar,covid,drug,matter,one",not_not {smell},"cant,conspiracy,like,one,people,trump",20210221
761,"childrens,every,language,nature,people,story",post,"country,gun,guy,jesus,people,rodriguez",20210221
762,"5g,blog,freemasonandsecret,mobile,private,update",Matters,"baptist,church,four,november,spotswood,year",20210221
763,tupac,said,"bush,district,fredericksburg,government,illuminati,trump",20210221
764,"people,research",Do,"bush,district,fredericksburg,government,illuminati,trump",20210221
765,research,be,"country,gun,guy,jesus,people,rodriguez",20210221
766,"board,college,fuck,lsd,qresearch,research",taken,"conspiracy,fuck,lie,like,people,real",20210221
767,"30,actual,arron,earth,head,information",had,"good,great,people,right,time,truth",20210221
768,information,get,"country,gun,guy,jesus,people,rodriguez",20210221
769,cuomo,suppressing,"country,gun,guy,jesus,people,rodriguez",20210221
770,"2021httpsnp,defense,httpsnp,last,narc,seven",kjkjDUMLWuwo,"bush,district,fredericksburg,government,illuminati,trump",20210221
771,"httpsnp,np,reddit",show,"cant,conspiracy,like,one,people,trump",20210221
772,"common,like,npc",is,"country,gun,guy,jesus,people,rodriguez",20210221
773,"24,32,34,400,80,around",allotted,"baptist,church,four,november,spotswood,year",20210221
774,"24,mohamed,paddock,tube",took,"country,gun,guy,jesus,people,rodriguez",20210221
775,"arce,gomez,roberto,suarez",call,"bush,district,fredericksburg,government,illuminati,trump",20210221
776,"roberto,suarez",is,"country,gun,guy,jesus,people,rodriguez",20210221
777,"cocaine,roberto,suarez",is,"agent,cocaine,conspiracy,dea,drug,virus",20210221
778,ruppert,committed,"country,gun,guy,jesus,people,rodriguez",20210221
779,"health,list,snd",obtained,"conspiracy,fuck,lie,like,people,real",20210221
780,"health,list,snd",think,"channel,every,filth,health,windsor,youtube",20210221
781,"freedom,justice,justicehttpswww,truth",done,"good,great,people,right,time,truth",20210221
782,"black,cia,conspiracy,last,nazi,people",saw,"jesus,lie,many,people,real,year",20210221
783,"black,cia,conspiracy,last,nazi,people",go,"agent,cocaine,conspiracy,dea,drug,virus",20210221
784,"black,cia,conspiracy,last,nazi,people",arrested,pizza,20210221
785,"jesus,people",Ask,"jesus,lie,many,people,real,year",20210221
786,"dollar,last,meneses,million,norwin,year",capture,"jesus,lie,many,people,real,year",20210221
787,"dollar,last,meneses,million,norwin,year",be,"baptist,church,four,november,spotswood,year",20210221
788,"dollar,last,meneses,million,norwin,year",said,"bush,district,fredericksburg,government,illuminati,trump",20210221
789,"dollar,last,meneses,million,norwin,year",turned,"hemisphere,interview,man,meneses,miranda,norwin",20210221
790,"dollar,last,meneses,million,norwin,year",equal,"angeles,channel,election,elite,government,people",20210221
791,"enforcement,language,law,new,people,real",take,"bush,district,fredericksburg,government,illuminati,trump",20210221
792,"enforcement,language,law,new,people,real",fills,"cant,conspiracy,like,one,people,trump",20210221
793,"enforcement,language,law,new,people,real",compelled,"country,gun,guy,jesus,people,rodriguez",20210221
794,"enforcement,language,law,new,people,real",not_not {cut},"bv,dem,eye,op,post,riley",20210221
795,"enforcement,language,law,new,people,real",kill,"anon,control,people,real,research,world",20210221
796,"enforcement,language,law,new,people,real",are,im,20210221
797,"enforcement,language,law,new,people,real",are,"evidence,good,intelligence,people,truth,well",20210221
798,"enforcement,language,law,new,people,real",was,"el,election,michael,quintero,rafael,weld",20210221
799,"blandon,clarke,finland,kristen,last,planet",spend,"bush,district,fredericksburg,government,illuminati,trump",20210221
800,"blandon,clarke,finland,kristen,last,planet",is,"country,gun,guy,jesus,people,rodriguez",20210221
801,"blandon,clarke,finland,kristen,last,planet",warned,"harrison,lawrence,lorenzo,victor",20210221
802,"blandon,clarke,finland,kristen,last,planet",checked,"bill,gate",20210221
803,"blandon,clarke,finland,kristen,last,planet",met,one,20210221
804,"blandon,clarke,finland,kristen,last,planet",distribute,blandon,20210221
805,"blandon,clarke,finland,kristen,last,planet",says,"cartel,im,jim,sinaloa,system,time",20210221
806,"blandon,clarke,finland,kristen,last,planet",severed,"ariel,channel,elon,elsa,nelson,well",20210221
807,"blandon,clarke,finland,kristen,last,planet",getting,"el,election,michael,quintero,rafael,weld",20210221
808,"blandon,clarke,finland,kristen,last,planet",owns,"cocacola,cocaine",20210221
809,"blandon,clarke,finland,kristen,last,planet",gotten,"campaign,gas,iluminati,last,party,world",20210221
810,"blandon,clarke,finland,kristen,last,planet",'s,finland,20210221
811,"blandon,clarke,finland,kristen,last,planet",been,"epstein,island,story,whole",20210221
812,"cessna,john,kerry,lol,moon,seaplane",picks up,"bush,district,fredericksburg,government,illuminati,trump",20210221
813,"cessna,john,kerry,lol,moon,seaplane",landed,"base,john,kerry,military,night",20210221
814,"cessna,john,kerry,lol,moon,seaplane",DAMAGED,"bezos,costa,dea,peter,rica,rivera",20210221
815,"cessna,john,kerry,lol,moon,seaplane",cancel,"airport,airstrip,bombardier,lol,mcdonnelldouglas,two",20210221
816,"black,language,lie,one,people,public",leads,"cant,conspiracy,like,one,people,trump",20210221
817,"black,language,lie,one,people,public",is,"conspiracy,fuck,lie,like,people,real",20210221
818,"black,language,lie,one,people,public",gets,"country,division,elite,people,tunnel,well",20210221
819,"black,language,lie,one,people,public",learn,"black,brown,people",20210221
820,"lee,photowilfredo",shed,"jesus,lie,many,people,real,year",20210221
821,fredericksburg,is,"bush,district,fredericksburg,government,illuminati,trump",20210221
822,"caro,lugar,network,rafael,richard,secord",bribing,"bush,district,fredericksburg,government,illuminati,trump",20210221
823,"caro,lugar,network,rafael,richard,secord",donated,"el,election,michael,quintero,rafael,weld",20210221
824,"crisis,force,school,special,working,workingclass",Get,"bush,district,fredericksburg,government,illuminati,trump",20210221
825,"crisis,force,school,special,working,workingclass",been,"agent,alex,cia,lasry,law,planet",20210221
826,"life,network,people,webb,whole,working",were,"country,gun,guy,jesus,people,rodriguez",20210221
827,"cia,drug,network,news,terrorist,working",support,"agent,cocaine,conspiracy,dea,drug,virus",20210221
828,"cia,drug,network,news,terrorist,working",doing,"agency,fqx,network,news,newscorp,vice",20210221
829,"elite,good,model,people,real,world",using,"country,gun,guy,jesus,people,rodriguez",20210221
830,"fj,well",saying,"bush,district,fredericksburg,government,illuminati,trump",20210221
831,"fj,well",correct,"el,election,michael,quintero,rafael,weld",20210221
832,"irate,lister,operation,police,ron",call,"environment,irate,lister,police,post,ron",20210221
833,"crisis,may",is,"environment,irate,lister,police,post,ron",20210221
834,"1456,head,life,one,post",know,"head,life,post",20210221
835,"1456,head,life,one,post",be,1456,20210221
836,board,created,board,20210221
837,george,Quoted,"floyd,george,herbert,orwell,stewart,walker",20210221
838,"bermudez,blandn,blandon,danilo,meneses",sell,"bermudez,blandon,interview,meneses,miranda,norwin",20210221
839,"conspiracy,demcontrolled,man,qr,santa,state",asked,"meneses,torres",20210221
840,"2020,bill,gate,news,people",made,"2020,bill,david,gate,icke,news",20210221
841,"carter,jim,jimmy,morrison,newton,watkins",says,"head,jimmy,saville",20210221
842,"carter,jim,jimmy,morrison,newton,watkins",is,"1630,jim,jimerson,newton,steeledon,watkins",20210221
843,"carter,jim,jimmy,morrison,newton,watkins",fuck,jim,20210221
844,"conspiracy,crime,criminal,drug,im,people",'s,"baker,fuck,israel,jim,jimnez,jims",20210221
845,"conspiracy,crime,criminal,drug,im,people",wander,"big,lie",20210221
846,"conspiracy,people,post,shane,video,youtube",putting,video,20210221
847,"conspiracy,people,post,shane,video,youtube",Stop,post,20210221
848,"action,conspiracy,john,kennedy,killer,tukey",sent,"conspiracy,drug,like,one,people,world",20210221
849,"arron,christic,daily,institute,lol,people",opens up,"every,lol,one,people,whole,world",20210221
850,"great,health,ive,last,one,right",come,one,20210221
851,"great,health,ive,last,one,right",come,"call,like,one,people,social,world",20210221
852,"apple,many,modern,old",drain,"call,like,one,people,social,world",20210221
853,"evidence,good,great,life,video,world",saying,one,20210221
854,"people,social",enable,"call,like,one,people,social,world",20210221
855,"actual,many,people,sun,supremacist,white",lives,"call,like,one,people,social,world",20210221
856,"actual,many,people,sun,supremacist,white",be,"good,like,man,many,people,white",20210221
857,"age,childrens,hopkins,neurosurgery,one,pediatric",was,one,20210221
858,"agent,chabad,jp,morgan,one,rothschild",go,one,20210221
859,"alex,jones",was,one,20210221
860,jones,arrange,one,20210221
861,"20,23,nation,one,time",showed,"call,like,one,people,social,world",20210221
862,"15,25,hand,one,several,white",named,one,20210221
863,"15,25,hand,one,several,white",do,many,20210221
864,"gary,guy,hale,lord,manu,mente",expanded,"conspiracy,man,many,people,right,war",20210221
865,"bezo,death,elite,evidence,new,voting",take,"biden,big,drug,lie,many,president",20210221
866,"dc,elite,jeff,lake,post,washington",publish,"district,edward,many,post,rafeedie,washington",20210221
867,"cat,life,maxine",is,"biden,big,drug,lie,many,president",20210221
868,"job,melissa,modern,tucson,working",haved,"many,people",20210221
869,conversation,was,"many,people",20210221
870,"4000,age,earth,every,ontario,waterloo",ignores,"german,one,people,walmart,war,world",20210221
871,"decision,doe,fire,people,right,second",explain,"good,like,man,many,people,white",20210221
872,"bill,gate,guy,like,man,people",own,"good,like,man,many,people,white",20210221
873,"apple,juice,walmart",make,"german,one,people,walmart,war,world",20210221
874,dfs,worked,"district,edward,many,post,rafeedie,washington",20210221
875,"agencypaid,conspiracy,drug,people,post,video",chew,"district,edward,many,post,rafeedie,washington",20210221
876,"agencypaid,conspiracy,drug,people,post,video",hijacking,"aviv,board,cone,morgan,rowling,tel",20210221
877,"agencypaid,conspiracy,drug,people,post,video",spun,"day,drug,guy,nazi,people,scandal",20210221
878,wapo,seems,"history,management,one,people,wapo,watson",20210221
879,"act,biden,information,like,many,post",remember,"conspiracy,man,many,people,right,war",20210221
880,magic,says,"history,management,one,people,wapo,watson",20210221
881,waterloo,is,"history,management,one,people,wapo,watson",20210221
882,"country,icke,may,nature,people",not_did not {end},"people,real,society,state,torres,united",20210221
883,john,gave,john,20210221
884,"academia,action,news,people,recent,system",catching,"bank,big,central,news,people,system",20210221
885,"history,jared,post,postmedia,stacy",is,"bbc,democratmedia,gavi,german,global,postmedia",20210221
886,"actual,good,imo,lie,news,voting",say,"antifa,blm,border,criminal,fox,news",20210221
887,"1996,board,several",overseeing,"1996,board,boston,newsletter,several",20210221
888,"20,like,nation,one",subjected,"law,like,math,people,right,whole",20210221
889,covid,'s,people,20210221
890,"antichrist,brotherhood,jonbenet,muslim,ramsey,torres",murdered,"cia,contra,drug,press,public,story",20210221
891,story,died,story,20210221
892,"epstein,island,story,whole",is,"47,gary,history,story,webb,whole",20210221
893,"actual,right,yall",is,"post,yall",20210221
894,"actual,right,yall",says,"actual,right",20210221
895,"antifa,blm,guy,msm",hang,"conspiracy,msm,nation,national,truth,voting",20210221
896,"colombian,ivan,meneses,national,torres",is,"colombian,day,gary,ivan,national,webb",20210221
897,qanon,are,"anon,life,northeast,pennsylvania,qanon,rqanoncasualties",20210221
898,"anon,ariel,dad,godmode,power,sea",deserve,anon,20210221
899,"post,real,research,trial",says,"anon,control,people,real,research,world",20210221
900,"base,earth,full,lol",is,"anon,control,people,real,research,world",20210221
901,tv,is,"anon,coast,conspiracy,doe,qanon,real",20210221
902,"diego,kennedy,san,william",disclosed,"casey,diego,french,kennedy,san,william",20210221
903,"casey,dci,william",squashed,"casey,cooper,dci,hastings,weld,william",20210221
904,"elite,good,power,public,system",make,"cocacola,doe,im,people,right,time",20210221
905,"awakening,center,environment,good,planet,responsible",being,"cocacola,doe,im,people,right,time",20210221
906,"book,crime,evidence,historical,irrefutable,people",is,"conspiracy,crime,criminal,drug,im,people",20210221
907,"jose,mercury,news,post,san,washington",infect,"angeles,department,fire,health,kobnerlos,service",20210221
908,"antifa,elite",took over,"antifa,elite",20210221
909,facebook,is,facebook,20210221
910,"agency,every,intelligence,many,people,truth",laughing,"angeles,channel,election,elite,government,people",20210221
911,"agency,agencyhttpsnp,central,govt,intelligence,pablo",trained,"agent,berrellez,cartel,dea,drug,intelligence",20210221
912,"anna,elsa,pollyanna,power,ship",drowning,"ariel,channel,elon,elsa,nelson,well",20210221
913,"anna,elsa,pollyanna,power,ship",give,"el,election,michael,quintero,rafael,weld",20210221
914,"elsa,twin",not_clearly {died} so not even only,"angeles,channel,election,elite,government,people",20210221
915,"citizen,like,people,pepsi,private,riley",remember,"conspiracy,doe,elite,israel,one,people",20210221
916,"23,common,conspiracy",take,"country,division,elite,people,tunnel,well",20210221
917,"bonner,building,doj,head,headquarters,video",takes,"el,election,michael,quintero,rafael,weld",20210221
918,"jackson,michael,tupac",faked,"el,election,michael,quintero,rafael,weld",20210221
919,election,not_have not {been},"el,election,michael,quintero,rafael,weld",20210221
920,"agent,berrellez,castillo,celerino,dea,hector",implicating,"agent,berrellez,cartel,dea,drug,intelligence",20210221
921,"agent,berrellez,castillo,celerino,dea,hector",knew,"agent,alex,cia,lasry,law,planet",20210221
922,"bigfoot,dude,kandahar,one",destroyed,"biden,big,conspiracy,lie,people,president",20210221
923,"coca,cola,company,every,snow,white",fight,"coca,cocacola,cola,company,im,white",20210221
924,"coca,cola,company,every,snow,white",refusing,"every,house,white",20210221
925,book,is,"book,evidence,historical,page,story,trial",20210221
926,"beach,department,laguna,police",dropped,"criminal,department,division,justice,laguna,police",20210221
927,"ballesteros,camarena,kiki,marjorie,matta,republican",serving,"ballesteros,camarena,cartel,defense,kiki,matta",20210221
928,"ballesteros,camarena,kiki,marjorie,matta,republican",Describes,"camarena,case,witness",20210221
929,"blandn,earth,last,like,one,people",exist,"finland,rhett",20210221
930,"blandn,earth,last,like,one,people",believe,"control,earth,story",20210221
931,science,disproven,"conversation,one,science,whole",20210221
932,"country,good,green,people,science,whole",go,"conversation,one,science,whole",20210221
933,"covid,maker,new",track,"cbs,maker,news,people,three,whole",20210221
934,"data,harry,journey,people,prince,time",supports,"dark,data,information,social,today,working",20210221
935,"case,httpswww,new,old,right,year",are,"guy,many,people,post,state,time",20210221
936,"11,hand,march,middle,renaissance,santa",brought,"almost,close,people,post,power,santa",20210221
937,bezos,not_Does not {own},"ballesteros,bezos,os,people,post,soros",20210221
938,bezos,own,"almost,case,guy,one,people,post",20210221
939,"bezos,clair,jeff,jeffrey,lol,post",enjoying,"bezos,costa,dea,peter,rica,rivera",20210221
940,"action,ballesteros,matta",used,"ballesteros,bezos,os,people,post,soros",20210221
941,"book,case,httpswww,new,old,right",take,"case,httpswww,new,old,right,year",20210221
942,"book,case,httpswww,new,old,right",is,"13th,crisis,first,head,people,twin",20210221
943,"dark,environment,process,situation,two,understanding",seem,"actual,story",20210221
944,"catalina,island",were,"agent,alex,cia,lasry,law,planet",20210221
945,"agent,jp,morgan,rothschild",measuring,"agent,alex,cia,lasry,law,planet",20210221
